{
    "initial_capital": 500000.0,
    "final_value": 493534.85640277906,
    "net_pnl": -6465.143597220944,
    "net_return_pct": -1.2930287194441887,
    "sharpe_ratio": -40.16908645332154,
    "max_drawdown_pct": -1.296186442495168,
    "total_trades": 32692,
    "buy_orders": 16346,
    "sell_orders": 16346,
    "total_fees": 493.04387722,
    "win_rate_pct": 37.44647008442432,
    "winning_trades": 6121,
    "losing_trades": 10225
}